<?xml version="1.0" encoding="UTF-8"?>
<!DOCTYPE EMS SYSTEM "TAO_Assignment_02.dtd" >
<EMS>
    <Person personid="X000345" Gender="Male" PersonType="Guest">
        <FirstName>Chatur</FirstName>
        <LastName>Lingam</LastName>
        <DateOfBirth>
            <Year>1979</Year>
            <Month>February</Month>
            <Day>28</Day>
        </DateOfBirth>
        <Organization>
            <Name>PANAS Holdings Pvt Ltd</Name>
            <Type>Corporate</Type>
        </Organization>
    </Person>
    
    <Person personid="X000728" Gender="Female" PersonType="Student">
        <FirstName>Malvika</FirstName>
        <LastName>Anusham</LastName>
        <DateOfBirth>
            <Year>2000</Year>
            <Month>January</Month>
            <Day>25</Day>
        </DateOfBirth>
        <Organization>
            <Name>IIT Madras</Name>
            <Type>Academic</Type>
        </Organization>
        <Department>EEE</Department>
        <Program>DD</Program>
    </Person>
    
    <Person personid="X000645" Gender="Female" PersonType="Student">
        <FirstName>Rubaina</FirstName>
        <LastName>Kunder</LastName>
        <DateOfBirth>
            <Year>2001</Year>
            <Month>March</Month>
            <Day>20</Day>
        </DateOfBirth>
        <Organization>
            <Name>IIT Madras</Name>
            <Type>Academic</Type>
        </Organization>
        <Department>Humanities</Department>
        <Program>MS</Program>
    </Person>
    
    <Person personid="X000111" Gender="Male" PersonType="Student">
        <FirstName>Carlton</FirstName>
        <LastName>Somaiah</LastName>
        <DateOfBirth>
            <Year>2002</Year>
            <Month>August</Month>
            <Day>31</Day>
        </DateOfBirth>
        <Organization>
            <Name>IIT Madras</Name>
            <Type>Academic</Type>
        </Organization>
        <Department>ECE</Department>
        <Program>B Tech</Program>
    </Person>
    
    <Person personid="X000881" Gender="Female" PersonType="Student">
        <FirstName>Mary</FirstName>
        <LastName>Briganza</LastName>
        <DateOfBirth>
            <Year>1999</Year>
            <Month>November</Month>
            <Day>07</Day>
        </DateOfBirth>
        <Organization>
            <Name>IIT Madras</Name>
            <Type>Academic</Type>
        </Organization>
        <Department>MA</Department>
        <Program>DD</Program>
    </Person>
    
    <Person personid="X000553" Gender="Male" PersonType="Student">
        <FirstName>Ram</FirstName>
        <LastName>Saxena</LastName>
        <DateOfBirth>
            <Year>1999</Year>
            <Month>October</Month>
            <Day>07</Day>
        </DateOfBirth>
        <Organization>
            <Name>IIT Madras</Name>
            <Type>Academic</Type>
        </Organization>
        <Department>CH</Department>
        <Program>B Tech</Program>
    </Person>
    
    <Person personid="X000554" Gender="Male" PersonType="Student">
        <FirstName>Shyam</FirstName>
        <LastName>Saxena</LastName>
        <DateOfBirth>
            <Year>1999</Year>
            <Month>October</Month>
            <Day>07</Day>
        </DateOfBirth>
        <Organization>
            <Name>IIT Madras</Name>
            <Type>Academic</Type>
        </Organization>
        <Department>CH</Department>
        <Program>B Tech</Program>
    </Person>
    
    <Person personid="X000395" Gender="Female" PersonType="Student">
        <FirstName>Mythili</FirstName>
        <LastName>Ramaswamy</LastName>
        <DateOfBirth>
            <Year>2002</Year>
            <Month>June</Month>
            <Day>25</Day>
        </DateOfBirth>
        <Organization>
            <Name>IIT Madras</Name>
            <Type>Academic</Type>
        </Organization>
        <Department>AE</Department>
        <Program>DD</Program>
    </Person>
    
    <Person personid="X000207" Gender="Female" PersonType="Guest">
        <FirstName>Mithali</FirstName>
        <LastName>Raj</LastName>
        <specializesIn>Sports/Leadership</specializesIn>
        <DateOfBirth>
            <Year>1982</Year>
            <Month>December</Month>
            <Day>03</Day>
        </DateOfBirth>
        <Organization>
            <Name>Indian Women's Cricket Team</Name>
            <Type>Sports Team</Type>
        </Organization>
    </Person>
    
    <Person personid="X000698" Gender="Male" PersonType="Student">
        <FirstName>Arjun</FirstName>
        <LastName>Abrol</LastName>
        <DateOfBirth>
            <Year>2003</Year>
            <Month>July</Month>
            <Day>19</Day>
        </DateOfBirth>
        <Organization>
            <Name>IIT Madras</Name>
            <Type>Academic</Type>
        </Organization>
        <Department>EEE</Department>
        <Program>B Tech</Program>
    </Person>
    
    <Person personid="X000924" Gender="Female" PersonType="Student">
        <FirstName>Shruti</FirstName>
        <LastName>Singh</LastName>
        <DateOfBirth>
            <Year>2000</Year>
            <Month>January</Month>
            <Day>01</Day>
        </DateOfBirth>
        <Organization>
            <Name>IIT Madras</Name>
            <Type>Academic</Type>
        </Organization>
        <Department>ECE</Department>
        <Program>DD</Program>
    </Person>
    
    <Person personid="X000277" Gender="Female" PersonType="Student">
        <FirstName>Ashmita</FirstName>
        <LastName>Salgaonkar</LastName>
        <DateOfBirth>
            <Year>1996</Year>
            <Month>April</Month>
            <Day>25</Day>
        </DateOfBirth>
        <Organization>
            <Name>IIT Madras</Name>
            <Type>Academic</Type>
        </Organization>
        <Department>ME</Department>
        <Program>MS</Program>
    </Person>
    
    <Person personid="X000863" Gender="Male" PersonType="Student">
        <FirstName>Vedant</FirstName>
        <LastName>Srivatsa</LastName>
        <DateOfBirth>
            <Year>1998</Year>
            <Month>December</Month>
            <Day>28</Day>
        </DateOfBirth>
        <Organization>
            <Name>IIT Madras</Name>
            <Type>Academic</Type>
        </Organization>
        <Department>CSE</Department>
        <Program>MS</Program>
    </Person>
    
    <Person personid="X000704" Gender="Male" PersonType="Student">
        <FirstName>Raj</FirstName>
        <LastName>Titus</LastName>
        <DateOfBirth>
            <Year>1991</Year>
            <Month>September</Month>
            <Day>20</Day>
        </DateOfBirth>
        <Organization>
            <Name>IIT Madras</Name>
            <Type>Academic</Type>
        </Organization>
        <Department>CSE</Department>
        <Program>M Tech</Program>
    </Person>
    
    <Person personid="X000832" Gender="Female" PersonType="Student">
        <FirstName>Ramya</FirstName>
        <LastName>Ramapriya</LastName>
        <DateOfBirth>
            <Year>1999</Year>
            <Month>March</Month>
            <Day>08</Day>
        </DateOfBirth>
        <Organization>
            <Name>IIT Madras</Name>
            <Type>Academic</Type>
        </Organization>
        <Department>PE</Department>
        <Program>DD</Program>
    </Person>
    
    <Event eventid="X100765">
        <EventName>Short Film</EventName>
        <scheduledAt>
            <Venue>Open Air Theater</Venue>
            <hasStartTime>
                <Time>17:00</Time>
            </hasStartTime>
            <hasEndTime>
                <Time>23:00</Time>
            </hasEndTime>
            <Date>
                <Year>2021</Year>
                <Month>February</Month>
                <Day>26</Day>
            </Date>
        </scheduledAt>
        <Description>Short Film Making Competition during Shaastra.</Description>
        
        <ShortFilm>
            <participatedBy> Students </participatedBy>
            <participatedBy> Faculty </participatedBy>
            <organizedBy> Film Club </organizedBy>
            <hasPrizes>Rs. 11000/-</hasPrizes>
        </ShortFilm>
    </Event>
    
    <Event eventid="X100687">
        <EventName>Astronomy Night Observation Workshop</EventName>
        <scheduledAt>
            <Venue>CRC - Class Room Complex</Venue>
            <hasStartTime>
                <Time>20:00</Time>
            </hasStartTime>
            <hasEndTime>
                <Time>23:59</Time>
            </hasEndTime>
            <Date>
                <Year>2021</Year>
                <Month>February</Month>
                <Day>22</Day>
            </Date>
        </scheduledAt>
        <Description>Have you ever wondered at the night sky and thought about looking at the planets closely? 
            Fear not, for we bring to you the Astronomy night observation workshop, 
            where you can look at the planets and stars you wanted to look at with professional help. 
            We will be teaching people the basics of night sky observation using a telescope, and will provide a hands-on experience as well in the end.
        </Description>
        <Workshop>
            <attends>Students</attends>
            <organizedBy>Horizon - The Physics and Astronomy Club</organizedBy>
        </Workshop>
        
    </Event>
    
    <Event eventid="X100560">
        <EventName>Boeing Aeromodelling Workshop</EventName>
        <scheduledAt>
            <Venue>Manohar C Watsa Stadium</Venue>
            <hasStartTime>
                <Time>10:30</Time>
            </hasStartTime>
            <hasEndTime>
                <Time>18:00</Time>
            </hasEndTime>
             <Date>
                 <Year>2021</Year>
                 <Month>February</Month>
                 <Day>21</Day>
             </Date>
        </scheduledAt>
        <Description>Shaastra organizes an Aerofest Workshop to promote the culture of aeromodelling. 
            The fest features some of the best air shows, aircraft design events, and aeromodelling competitions.
        </Description>
        <Workshop>
            <attends>Students</attends>
            <organizedBy> Aero-Modelling Club - Aero Head</organizedBy>
        </Workshop>
    </Event>
    
    <Event eventid="X100790">
        <EventName>Chess Contest</EventName>
        <scheduledAt>
            <Venue>Online Mode</Venue>
            <hasStartTime>
                <Time>11:00</Time>
            </hasStartTime>
            <hasEndTime>
                <Time>17:00</Time>
            </hasEndTime>
            <Date>
                <Year>2021</Year>
                <Month>January</Month>
                <Day>28</Day>
            </Date>
        </scheduledAt>
        <Description>Shaastra IIT Madras brings to you Blitz Online Open Chess Tournament!
            “I have come to the personal conclusion that while all artists are not chess players, all chess players are artists.” – Marcel Duchamp</Description>
        <Contest>
            <ContestWinner>IIT Madras</ContestWinner>
            <ContestLoser>IIT Delhi</ContestLoser>
            <hasPrizes>Rs. 10000/-</hasPrizes>
            <ContestType>
                <ChessContest>
                    <hostedin>Chess Online Website</hostedin>
                    <managedBy> Chess Club </managedBy>
                </ChessContest>
            </ContestType>
        </Contest>
    </Event>
    
    <Event eventid="X100956">
        <EventName>Story Writing</EventName>
        <scheduledAt>
            <Venue> CRC - Class Room Complex </Venue>
            <hasStartTime>
                <Time>10:00</Time>
            </hasStartTime>
            <hasEndTime>
                <Time>18:00</Time>
            </hasEndTime>       
            <Date>
                <Year>2021</Year>
                <Month>January</Month>
                <Day>29</Day>
            </Date>
        </scheduledAt>
        <Description>The Writing Club of IIT Madras is embarking on a literary voyage. 
            Have something to say? Experienced literateur, amateur writer, or just vaguely interested in stories, poems and other forms of the written word? This group is for you. 
            Learn, share, create.</Description>
        <Contest>
            <ContestWinner>IIT Kanpur</ContestWinner>
            <ContestLoser>IIT Madras</ContestLoser>
            <hasPrizes>Rs. 12000/- </hasPrizes>
            <ContestType>
                <StoryWriting>
                    <relatedTo>
                        <Literature> Short Stories </Literature>
                    </relatedTo>
                    <managedBy> The Writing Club </managedBy>
                </StoryWriting>
            </ContestType>
        </Contest>
    </Event>
    
    <Event eventid="X100490">
        <EventName>Lan Contest</EventName>
        <scheduledAt>
            <Venue>CRC - Class Room Complex</Venue>
            <hasStartTime>
                <Time>09:00</Time>
            </hasStartTime>
            <hasEndTime>
                <Time>18:00</Time>
            </hasEndTime>        
             <Date>
                 <Year>2021</Year>
                 <Month>January</Month>
                 <Day>28</Day>
             </Date>
        </scheduledAt>
        <Description> eSports Club brings to you the first LitSoc event of the year. </Description>
        <Contest>
            <ContestWinner>IIT Bombay</ContestWinner>
            <ContestLoser>IIT Madras</ContestLoser>
            <hasPrizes>Rs. 10000/-</hasPrizes>
            <ContestType>
                <LanContest>
                    <hostedin> Online </hostedin>
                    <managedBy> eSports Club</managedBy>
                    <LanGame> DOTA </LanGame>
                </LanContest>
            </ContestType>
        </Contest>
    </Event>
    
    <Event eventid="X100025">
        <EventName>Guest Lecture Series</EventName>
        <scheduledAt>
            <Venue>Conference Hall</Venue>
            <hasStartTime>
                <Time>10:00</Time>
            </hasStartTime>
            <hasStartTime>
                <Time>14:30</Time>
            </hasStartTime>
            <hasEndTime>
                <Time>12:30</Time>
            </hasEndTime>
            <hasEndTime>
                <Time>17:00</Time>
            </hasEndTime>       
            <Date>
                <Year>2021</Year>
                <Month>January</Month>
                <Day>25</Day>
            </Date>
        </scheduledAt>
        <Description>Mithali Raj delivers a powerful guest lecture on Leadership to the students.</Description>
        
        <GuestLectureSeries>
            <GuestSpeaker guestid ="X000207">
                <GuestName>Mithali Raj</GuestName>
            </GuestSpeaker>
            <attendedBy>Students</attendedBy>
            <attendedBy>Faculty</attendedBy>
            <attendedBy>Staff</attendedBy>
        </GuestLectureSeries>
    </Event>
    
    <Event eventid="X100304">
        <EventName>CodeFest</EventName>
        <scheduledAt>
            <Venue>CS Lab I-II-III</Venue>
            <hasStartTime>
                <Time>09:00</Time>
            </hasStartTime>
            <hasStartTime>
                <Time>14:30</Time>
            </hasStartTime>
            <hasStartTime>
                <Time>18:30:00</Time>
            </hasStartTime>
            <hasStartTime>
                <Time>23:00</Time>
            </hasStartTime>
            <hasEndTime>
                <Time>12:30</Time>
            </hasEndTime>            
            <hasEndTime>
                <Time>17:00</Time>
            </hasEndTime>
            <hasEndTime>
                <Time>21:30</Time>
            </hasEndTime>          
            <hasEndTime>
                <Time>02:30</Time>
            </hasEndTime>      
            <Date>
                 <Year>2021</Year>
                 <Month>January</Month>
                 <Day>23</Day>
            </Date>
        </scheduledAt>
        <Description>Technical coding event organised by the Programming Club.</Description>
        
        <CodeFest>
            <participatedBy>IIT Madras</participatedBy>
            <participatedBy>IIT Kharagpur</participatedBy>
            <participatedBy>IIT Bombay</participatedBy>
            <organizedBy>Programming Club</organizedBy>
            <hasPrizes>Rs. 10000/-</hasPrizes>
        </CodeFest>    
    </Event>
    
    <Event eventid="X100101">
        <EventName>The Zeest - Band Concert</EventName>
        <scheduledAt>
            <Venue>Amphitheatre</Venue>
            <hasStartTime>
                <Time>20:00</Time>
            </hasStartTime>
            <hasEndTime>
                <Time>23:00</Time>
            </hasEndTime>        
            <Date>
                <Year>2021</Year>
                <Month>January</Month>
                <Day>31</Day>
            </Date>
        </scheduledAt>
        <Description>The Zeest: A Social Music Project - Live in concert, come listen to 
            the groovy tunes of our friends from across the border. Pakistani band The Zeest 
            hope to captivate your minds for a 3-hour rock session including their 
            number one hit single, "B C Sutta".</Description>
        
        <PaidEvents>
            <Concert>
                <givenBy>The Zeest Band</givenBy>
                <attendedBy>Students</attendedBy>
                <attendedBy>Faculty</attendedBy>
                <attendedBy>Staff</attendedBy>
                <attendedBy>Participants</attendedBy>
            </Concert>
            <hasEntryFee>Rs. 100/-</hasEntryFee>
        </PaidEvents>
    </Event>      
    <Club> 
        <interestedIn>
            <Field> E-Sports Competitions </Field>
            <Field> DOTA 2 </Field>
            <Field> CSGO </Field>
            <Field>Gaming Events</Field>
        </interestedIn>
            <organizes organizesEventId="X100490">Shaastra '21, the biggest college Tech festival, 
                is proud to present the 3rd edition of a one-of-a-kind prestigious PC gaming event GAMEPLEX, 
                hosting the world's most popular games and is inviting the best players in the country.
            </organizes>
            <managedByTeam managingTeamID="SHAASTRA21-01">Shaastra 21 Core: The Brains behind IIT-M's 
                Tech Fest for 2021
            </managedByTeam>      
    </Club>
    <Club>
        <interestedIn>
            <Field>Competitive Programming</Field>
            <Field>Coding Competitions</Field>
            <Field>Hackathons</Field>
        </interestedIn>
            <organizes organizesEventId="X100304">CodeFest, an all day (and all night!) coding competition, 
                one of IIT-M's most popular events.</organizes>
            <managedByTeam managingTeamID="SHAASTRA21-01">Shaastra 21 Core: The Brains behind IIT-M's 
                Tech Fest for 2021</managedByTeam>
    </Club>
    <OrganizingTeam OrganizingTeamid="SHAASTRA21-01">
        <ManagingTeam>
            <TeamName>
                <AccommodationTeam>The Accomodation Team takes care of providing sufficient and 
                    comfortable accomodation for students from other participating institutions, 
                    for the purpose of stay, for the entire Fest duration.</AccommodationTeam>
                <GiftsAndPrizesTeam>The Gifts and Prizes team are responsible for the unenviable task 
                    of using the entire gifts and prozes budget in arranging sufficient giveaways to 
                    event winners.</GiftsAndPrizesTeam>
                <PRTeam>
                    <PublicRelation>
                        <manages managesEventId="X100025">X100025</manages>
                        <manages managesEventId="X100304">X100304</manages>
                        <manages managesEventId="X100490">X100490</manages>
                        <Invites>
                            <ChiefGuest>Rahul Dravid</ChiefGuest>
                        </Invites>
                    </PublicRelation>
                </PRTeam>
                <CoreTeam>The Core Team is responsible for conducting the overall Fest: 
                    All other events, excluding Accomodation, PR and Gifts and prizes distribution, 
                    fall under the aegis of the Core Team.</CoreTeam>                
            </TeamName>
            <hasMembers LinkToPerson="X000728">X000728</hasMembers>
            <hasMembers LinkToPerson="X000111">X000111</hasMembers>
            <hasMembers LinkToPerson="X000553">X000553</hasMembers>
            <hasMembers LinkToPerson="X000554">X000554</hasMembers>
        </ManagingTeam>
    </OrganizingTeam>   
    <Co-CurricularActivities>
        <Quiz>
            <hasTopic>
                Global Warming
            </hasTopic>
            <QuizTeam>
                <QuizTeamName>
                </QuizTeamName>
                <Person1 LinkToPerson="X000277">X000277</Person1> 
                <Person2 LinkToPerson="X000832">X000832</Person2>
            </QuizTeam>
            <QuizTeam>
                <QuizTeamName>
                </QuizTeamName>
                <Person1 LinkToPerson="X000704">X000704</Person1> 
                <Person2 LinkToPerson="X000863">X000863</Person2>
            </QuizTeam>

            <scheduledAt>
                <Venue>CRC - Class Room Complex 2</Venue>
                <hasStartTime>
                    <Time>9:00</Time>
                </hasStartTime>
                <hasEndTime>
                    <Time>18:00</Time>
                </hasEndTime>        
                 <Date>
                     <Year>2021</Year>
                     <Month>January</Month>
                     <Day>28</Day>
                 </Date>
            </scheduledAt>
        </Quiz>

        <Declamation>
                <hasTopic>
                    Heritage Buildings Preservance
                </hasTopic>
                <Person1 LinkToPerson="X000277">X000277</Person1> 
                <scheduledAt>
                    <Venue>CRC - Class Room Complex 3</Venue>
                    <hasStartTime>
                        <Time>9:00</Time>
                    </hasStartTime>
                    <hasEndTime>
                        <Time>18:00</Time>
                    </hasEndTime>        
                     <Date>
                         <Year>2021</Year>
                         <Month>January</Month>
                         <Day>29</Day>
                     </Date>
                </scheduledAt>
        </Declamation>
        <Declamation>
                <hasTopic>
                    Leadership cannot be taught
                </hasTopic>
                <Person1 LinkToPerson="X000704">X000704</Person1> 
                <scheduledAt>
                    <Venue>CRC - Class Room Complex 3</Venue>
                    <hasStartTime>
                        <Time>9:00</Time>
                    </hasStartTime>
                    <hasEndTime>
                        <Time>18:00</Time>
                    </hasEndTime>        
                     <Date>
                         <Year>2021</Year>
                         <Month>January</Month>
                         <Day>29</Day>
                     </Date>
                </scheduledAt>
        </Declamation>

        <JAM>
            
        <hasTopic>
                    Pollution
                </hasTopic>
                <Person1 LinkToPerson="X000704">X000704</Person1> 
                <scheduledAt>
                    <Venue>CRC - Class Room Complex 3</Venue>
                    <hasStartTime>
                        <Time>9:00</Time>
                    </hasStartTime>
                    <hasEndTime>
                        <Time>18:00</Time>
                    </hasEndTime>        
                     <Date>
                         <Year>2021</Year>
                         <Month>January</Month>
                         <Day>30</Day>
                     </Date>
                </scheduledAt>



        </JAM>
        <JAM>
            <hasTopic>
                Corruption in India
            </hasTopic>
            <Person1 LinkToPerson="X000863">X000704</Person1> 
            <scheduledAt>
                <Venue>CRC - Class Room Complex 3</Venue>
                <hasStartTime>
                    <Time>9:00</Time>
                </hasStartTime>
                <hasEndTime>
                    <Time>18:00</Time>
                </hasEndTime>        
                 <Date>
                     <Year>2021</Year>
                     <Month>January</Month>
                     <Day>29</Day>
                 </Date>
            </scheduledAt>
        </JAM>
    </Co-CurricularActivities>

</EMS>